{
  "all_books": {
    "lognormal": {
      "shape": 1.3174,
      "scale": 3373.9119,
      "ks_stat": 0.140078,
      "p_value": 0.136203
    },
    "exponential": {
      "scale": 6513.4091,
      "ks_stat": 0.185804,
      "p_value": 0.018154
    },
    "normal": {
      "mu": 6732.4091,
      "sigma": 6637.4768,
      "ks_stat": 0.221289,
      "p_value": 0.002554
    },
    "gamma": {
      "shape": 0.8521,
      "scale": 7901.3037,
      "ks_stat": 0.133812,
      "p_value": 0.171708
    },
    "best_fit": "gamma"
  },
  "ot_books": {
    "lognormal": {
      "shape": 1.2697,
      "scale": 4297.3872,
      "ks_stat": 0.180525,
      "p_value": 0.138857
    },
    "exponential": {
      "scale": 7574.2821,
      "ks_stat": 0.154831,
      "p_value": 0.277457
    },
    "normal": {
      "mu": 7866.2821,
      "sigma": 6783.4198,
      "ks_stat": 0.193192,
      "p_value": 0.094822
    },
    "gamma": {
      "shape": 0.9594,
      "scale": 8198.7896,
      "ks_stat": 0.152717,
      "p_value": 0.292252
    },
    "best_fit": "gamma"
  },
  "nt_books": {
    "lognormal": {
      "shape": 1.3066,
      "scale": 2378.838,
      "ks_stat": 0.124897,
      "p_value": 0.747675
    },
    "exponential": {
      "scale": 4875.5926,
      "ks_stat": 0.266868,
      "p_value": 0.034592
    },
    "normal": {
      "mu": 5094.5926,
      "sigma": 6057.0097,
      "ks_stat": 0.300468,
      "p_value": 0.011704
    },
    "gamma": {
      "shape": 0.7817,
      "scale": 6517.3623,
      "ks_stat": 0.204839,
      "p_value": 0.180234
    },
    "best_fit": "lognormal"
  },
  "book_sizes": [
    [
      "Jeremiah",
      21976,
      "OT"
    ],
    [
      "Genesis",
      20629,
      "OT"
    ],
    [
      "Psalms",
      19657,
      "OT"
    ],
    [
      "Luke",
      19446,
      "NT"
    ],
    [
      "Ezekiel",
      18866,
      "OT"
    ],
    [
      "Acts",
      18412,
      "NT"
    ],
    [
      "Matthew",
      18329,
      "NT"
    ],
    [
      "Isaiah",
      16988,
      "OT"
    ],
    [
      "Exodus",
      16726,
      "OT"
    ],
    [
      "Numbers",
      16422,
      "OT"
    ],
    [
      "John",
      15438,
      "NT"
    ],
    [
      "Deuteronomy",
      14320,
      "OT"
    ],
    [
      "2 Chronicles",
      13354,
      "OT"
    ],
    [
      "1 Samuel",
      13335,
      "OT"
    ],
    [
      "1 Kings",
      13186,
      "OT"
    ],
    [
      "2 Kings",
      12354,
      "OT"
    ],
    [
      "Leviticus",
      11955,
      "OT"
    ],
    [
      "Mark",
      11286,
      "NT"
    ],
    [
      "2 Samuel",
      11130,
      "OT"
    ],
    [
      "1 Chronicles",
      10790,
      "OT"
    ],
    [
      "Joshua",
      10083,
      "OT"
    ],
    [
      "Judges",
      9905,
      "OT"
    ],
    [
      "Revelation",
      9833,
      "NT"
    ],
    [
      "Job",
      8399,
      "OT"
    ],
    [
      "Romans",
      7055,
      "NT"
    ],
    [
      "Proverbs",
      6984,
      "OT"
    ],
    [
      "1 Corinthians",
      6812,
      "NT"
    ],
    [
      "Daniel",
      6035,
      "OT"
    ],
    [
      "Nehemiah",
      5336,
      "OT"
    ],
    [
      "Hebrews",
      4935,
      "NT"
    ],
    [
      "2 Corinthians",
      4473,
      "NT"
    ],
    [
      "Ezra",
      3791,
      "OT"
    ],
    [
      "Zechariah",
      3134,
      "OT"
    ],
    [
      "Esther",
      3057,
      "OT"
    ],
    [
      "Ecclesiastes",
      2999,
      "OT"
    ],
    [
      "Ephesians",
      2416,
      "NT"
    ],
    [
      "Hosea",
      2386,
      "OT"
    ],
    [
      "Galatians",
      2226,
      "NT"
    ],
    [
      "1 John",
      2137,
      "NT"
    ],
    [
      "Amos",
      2045,
      "OT"
    ],
    [
      "James",
      1739,
      "NT"
    ],
    [
      "1 Peter",
      1678,
      "NT"
    ],
    [
      "Philippians",
      1626,
      "NT"
    ],
    [
      "1 Timothy",
      1591,
      "NT"
    ],
    [
      "Colossians",
      1580,
      "NT"
    ],
    [
      "Lamentations",
      1564,
      "OT"
    ],
    [
      "1 Thessalonians",
      1473,
      "NT"
    ],
    [
      "Micah",
      1400,
      "OT"
    ],
    [
      "Ruth",
      1306,
      "OT"
    ],
    [
      "Song of Songs",
      1255,
      "OT"
    ],
    [
      "2 Timothy",
      1235,
      "NT"
    ],
    [
      "2 Peter",
      1098,
      "NT"
    ],
    [
      "Joel",
      958,
      "OT"
    ],
    [
      "Malachi",
      876,
      "OT"
    ],
    [
      "2 Thessalonians",
      820,
      "NT"
    ],
    [
      "Zephaniah",
      769,
      "OT"
    ],
    [
      "Jonah",
      688,
      "OT"
    ],
    [
      "Habakkuk",
      672,
      "OT"
    ],
    [
      "Titus",
      659,
      "NT"
    ],
    [
      "Haggai",
      601,
      "OT"
    ],
    [
      "Nahum",
      562,
      "OT"
    ],
    [
      "Jude",
      459,
      "NT"
    ],
    [
      "Philemon",
      334,
      "NT"
    ],
    [
      "Obadiah",
      292,
      "OT"
    ],
    [
      "2 John",
      245,
      "NT"
    ],
    [
      "3 John",
      219,
      "NT"
    ]
  ]
}