{
  "AT": {
    "corpus": "AT",
    "n": 23213,
    "H_rs": 0.9070125136806177,
    "H_R2": 0.9865066917909393,
    "d_rs": 0.40701251368061775,
    "d_whittle": 0.5210556229966514,
    "d_used": 0.5210556229966514,
    "best_ar_order": 3,
    "ar_coefficients": [
      -0.4437145227568044,
      -0.21764869559666483,
      -0.11275541965960559
    ],
    "aic": 75521.70058487121,
    "model": "ARFIMA(3, 0.5211, 0)"
  },
  "NT": {
    "corpus": "NT",
    "n": 7927,
    "H_rs": 0.7249853463210817,
    "H_R2": 0.9915478329815905,
    "d_rs": 0.2249853463210817,
    "d_whittle": 0.46962873633365704,
    "d_used": 0.46962873633365704,
    "best_ar_order": 3,
    "ar_coefficients": [
      -0.41721776491001344,
      -0.22140044677723447,
      -0.10291786325459223
    ],
    "aic": 29586.987239756876,
    "model": "ARFIMA(3, 0.4696, 0)"
  },
  "Corán": {
    "corpus": "Corán",
    "n": 6236,
    "H_rs": 0.8946893583281748,
    "H_R2": 0.995992422705379,
    "d_rs": 0.39468935832817476,
    "d_whittle": 0.7583113537144786,
    "d_used": 0.7583113537144786,
    "best_ar_order": 3,
    "ar_coefficients": [
      -0.51017032299738,
      -0.2892270687737684,
      -0.15826137146137423
    ],
    "aic": 31535.875209235157,
    "model": "ARFIMA(3, 0.7583, 0)"
  },
  "Homero": {
    "corpus": "Homero",
    "n": 45991,
    "H_rs": 0.9139400412773543,
    "H_R2": 0.9735997026427633,
    "d_rs": 0.4139400412773543,
    "d_whittle": 0.09290742122997077,
    "d_used": 0.09290742122997077,
    "best_ar_order": 3,
    "ar_coefficients": [
      0.39040404429277775,
      -0.07408014655350638,
      0.3281726765982704
    ],
    "aic": -137625.97944778163,
    "model": "ARFIMA(3, 0.0929, 0)"
  },
  "Rig Veda": {
    "corpus": "Rig Veda",
    "n": 21253,
    "H_rs": 0.48000516726181197,
    "H_R2": 0.9970871169234233,
    "d_rs": -0.01999483273818803,
    "d_whittle": -0.10187780002232495,
    "d_used": -0.10187780002232495,
    "best_ar_order": 3,
    "ar_coefficients": [
      0.009305184331869228,
      0.019566835429527533,
      0.011232446585355611
    ],
    "aic": -421.32206050119635,
    "model": "ARFIMA(3, -0.1019, 0)"
  },
  "Mishnah": {
    "corpus": "Mishnah",
    "n": 471,
    "H_rs": 0.6932547454565093,
    "H_R2": 0.9941586502332821,
    "d_rs": 0.19325474545650934,
    "d_whittle": -0.1129317051367495,
    "d_used": -0.1129317051367495,
    "best_ar_order": 3,
    "ar_coefficients": [
      0.3940662559835029,
      0.07190875726673998,
      0.07905286806967521
    ],
    "aic": 2969.6850820660015,
    "model": "ARFIMA(3, -0.1129, 0)"
  }
}