{
  "AT": {
    "q_values": [
      -5.0,
      -4.5,
      -4.0,
      -3.5,
      -3.0,
      -2.5,
      -2.0,
      -1.5,
      -1.0,
      -0.5,
      0.5,
      1.0,
      1.5,
      2.0,
      2.5,
      3.0,
      3.5,
      4.0,
      4.5,
      5.0
    ],
    "h_q": [
      1.0002901712329964,
      0.9877049090369141,
      0.9735375226778438,
      0.9577660232731051,
      0.9406392658822671,
      0.9229177154092062,
      0.9060799887892584,
      0.892183714789925,
      0.8831635827275182,
      0.8799300035444522,
      0.8875729378595433,
      0.8946431403130694,
      0.9012507489761763,
      0.906136417899462,
      0.9087818482479619,
      0.909229562026682,
      0.9078254585533672,
      0.9050165066773528,
      0.9012351647509168,
      0.8968483327252244
    ],
    "h_q_r2": [
      0.9666159379275673,
      0.9683796590500507,
      0.9705949928841789,
      0.9733067765150013,
      0.9764744045060881,
      0.9798901329809311,
      0.9831456234008813,
      0.9857949931421792,
      0.9876784118512804,
      0.9890098568423591,
      0.9912233280001849,
      0.9923518816734545,
      0.9934059634711202,
      0.9942527167767163,
      0.9948136225970949,
      0.9950878112688912,
      0.995126203824676,
      0.9949960934552986,
      0.9947583931165832,
      0.9944595705342304
    ],
    "tau_q": [
      -6.001450856164982,
      -5.4446720906661135,
      -4.894150090711375,
      -4.352181081455868,
      -3.821917797646801,
      -3.3072942885230154,
      -2.812159977578517,
      -2.3382755721848874,
      -1.8831635827275182,
      -1.439965001772226,
      -0.5562135310702283,
      -0.10535685968693065,
      0.35187612346426445,
      0.812272835798924,
      1.2719546206199048,
      1.7276886860800462,
      2.1773891049367853,
      2.620066026709411,
      3.055558241379126,
      3.484241663626122
    ],
    "alpha_mf": [
      1.1135575309977366,
      1.1073007654536067,
      1.0924910092102458,
      1.072232293064574,
      1.0448867929328522,
      1.009757820068284,
      0.9690187163381281,
      0.9289963948509989,
      0.8983105704126613,
      0.8855152648410554,
      0.8957260520783962,
      0.9080896545344928,
      0.9176296954858546,
      0.9200784971556404,
      0.9154158502811223,
      0.9054344843168805,
      0.8923773406293649,
      0.8781691364423407,
      0.8641756369167108,
      0.8573668444939919
    ],
    "f_alpha": [
      0.43366320117629886,
      0.46181864612488344,
      0.524186053870392,
      0.5993680557298586,
      0.6872574188482443,
      0.7828997383523055,
      0.8741225449022609,
      0.9447809799083888,
      0.9848530123148569,
      0.9972073693516984,
      1.0040765571094263,
      1.0134465142214233,
      1.0245684197645175,
      1.0278841585123568,
      1.0165850050829008,
      0.9886147668705951,
      0.9459315872659921,
      0.8926105190599518,
      0.8332321247460728,
      0.8025925588438376
    ],
    "spectrum_width": 0.25619068650374466,
    "h_q2": 0.906136417899462
  },
  "NT": {
    "q_values": [
      -5.0,
      -4.5,
      -4.0,
      -3.5,
      -3.0,
      -2.5,
      -2.0,
      -1.5,
      -1.0,
      -0.5,
      0.5,
      1.0,
      1.5,
      2.0,
      2.5,
      3.0,
      3.5,
      4.0,
      4.5,
      5.0
    ],
    "h_q": [
      0.6684134586325605,
      0.6669069904064879,
      0.6659204320709473,
      0.6655283325105038,
      0.6658120904518732,
      0.666862980218239,
      0.6687814148768184,
      0.6716689861512578,
      0.6756092863850743,
      0.6806349069751734,
      0.6935619021967867,
      0.7009324202982793,
      0.7083595677956382,
      0.7153892042803492,
      0.7216364783490458,
      0.726843984973656,
      0.7308966286608757,
      0.7338005863517669,
      0.7356450015112581,
      0.7365638432318552
    ],
    "h_q_r2": [
      0.9822154954579554,
      0.9830046068433991,
      0.9838197811900428,
      0.9846384243451736,
      0.985432823000082,
      0.9861718441454445,
      0.9868223262070002,
      0.9873499424187752,
      0.9877201113254819,
      0.9879004941059302,
      0.9876103574817986,
      0.9871438552216468,
      0.9864962739266752,
      0.9857036648506072,
      0.9848039836118389,
      0.983837867599224,
      0.9828469824079611,
      0.9818674474907089,
      0.9809239639566919,
      0.9800286988196169
    ],
    "tau_q": [
      -4.342067293162803,
      -4.001081456829196,
      -3.6636817282837892,
      -3.3293491637867634,
      -2.9974362713556193,
      -2.6671574505455977,
      -2.3375628297536366,
      -2.0075034792268864,
      -1.6756092863850744,
      -1.3403174534875868,
      -0.6532190489016066,
      -0.2990675797017207,
      0.06253935169345737,
      0.4307784085606985,
      0.8040911958726145,
      1.1805319549209679,
      1.5581382003130648,
      1.9352023454070677,
      2.3104025068006617,
      2.682819216159276
    ],
    "alpha_mf": [
      0.6819716726672134,
      0.6783855648790134,
      0.6717322930424325,
      0.6662454569281699,
      0.6621917132411657,
      0.6598734416019827,
      0.6596539713187113,
      0.6619535433685622,
      0.6671860257392996,
      0.6760885787253099,
      0.7012347604618414,
      0.715758400595064,
      0.7298459882624192,
      0.7415518441791571,
      0.7497535463602694,
      0.7540470044404504,
      0.7546703904860999,
      0.7522643064875969,
      0.7476168707522084,
      0.7448334187172287
    ],
    "f_alpha": [
      0.9322089298267358,
      0.9483464148736358,
      0.9767525561140591,
      0.9974900645381686,
      1.0108611316321223,
      1.017473846540641,
      1.018254887116214,
      1.0145731641740432,
      1.0084232606457748,
      1.0022731641249318,
      1.0038364291325275,
      1.0148259802967847,
      1.0322296307001715,
      1.0523252797976157,
      1.0702926700280588,
      1.081609058400383,
      1.0832081663882849,
      1.07385488054332,
      1.0538734115842763,
      1.0413478774268676
    ],
    "spectrum_width": 0.09501641916738857,
    "h_q2": 0.7153892042803492
  },
  "Corán": {
    "q_values": [
      -5.0,
      -4.5,
      -4.0,
      -3.5,
      -3.0,
      -2.5,
      -2.0,
      -1.5,
      -1.0,
      -0.5,
      0.5,
      1.0,
      1.5,
      2.0,
      2.5,
      3.0,
      3.5,
      4.0,
      4.5,
      5.0
    ],
    "h_q": [
      1.1577865929621334,
      1.1477761604889776,
      1.1369245439995597,
      1.1254502787716367,
      1.1137680019535179,
      1.1024730960304046,
      1.0921754746674983,
      1.0829208107890678,
      1.0731220835969697,
      1.0600773826262788,
      1.025284239530286,
      1.0078832479165563,
      0.9919199863018945,
      0.9773700505206085,
      0.9640112511049758,
      0.9516655255131746,
      0.9402338872228263,
      0.9296646548765125,
      0.9199207930964024,
      0.9109626930347862
    ],
    "h_q_r2": [
      0.9488787541388318,
      0.9506401358527377,
      0.9530471938993826,
      0.956369110715944,
      0.9609602843151416,
      0.9671561064288515,
      0.9749011241174202,
      0.983053121061027,
      0.9893286932845295,
      0.9924952434273935,
      0.993937924141034,
      0.9938786871821721,
      0.9935714278763406,
      0.9930828662615608,
      0.9924550265211497,
      0.9917150816632407,
      0.990887229561327,
      0.9899975765935218,
      0.9890726001000841,
      0.9881361139837592
    ],
    "tau_q": [
      -6.788932964810667,
      -6.164992722200399,
      -5.547698175998239,
      -4.939075975700728,
      -4.341304005860554,
      -3.7561827400760115,
      -3.1843509493349966,
      -2.6243812161836018,
      -2.07312208359697,
      -1.5300386913131394,
      -0.48735788023485704,
      0.007883247916556257,
      0.48787997945284167,
      0.9547401010412171,
      1.4100281277624394,
      1.854996576539524,
      2.2908186052798922,
      2.71865861950605,
      3.1396435689338107,
      3.5548134651739307
    ],