{
  "1 Corinthians": {
    "n_verses": 437,
    "n_words": 6812,
    "mean_verse_len": 15.588100686498857,
    "H": 0.5186761650785726,
    "H_R2": 0.9786722764341692,
    "alpha": 0.5560205607394576,
    "alpha_R2": 0.97034620520573,
    "vn_ratio": 0.958974358974359,
    "chronological_group": "pauline_early"
  },
  "1 John": {
    "n_verses": 105,
    "n_words": 2137,
    "mean_verse_len": 20.35238095238095,
    "H": 0.4680429299954923,
    "H_R2": 0.9855951525022368,
    "alpha": 0.4617330211692,
    "alpha_R2": 0.9721388904665473,
    "vn_ratio": 1.10941475826972,
    "chronological_group": "johannine"
  },
  "1 Peter": {
    "n_verses": 105,
    "n_words": 1678,
    "mean_verse_len": 15.980952380952381,
    "H": 0.5090687716546705,
    "H_R2": 0.9391047617081172,
    "alpha": 0.570546381769427,
    "alpha_R2": 0.9411485927343031,
    "vn_ratio": 0.6497695852534562,
    "chronological_group": "late"
  },
  "1 Thessalonians": {
    "n_verses": 89,
    "n_words": 1473,
    "mean_verse_len": 16.55056179775281,
    "H": 0.576237618833554,
    "H_R2": 0.876849961608801,
    "alpha": 0.6511278411813046,
    "alpha_R2": 0.9430808952175342,
    "vn_ratio": 0.7665615141955836,
    "chronological_group": "pauline_early"
  },
  "1 Timothy": {
    "n_verses": 113,
    "n_words": 1591,
    "mean_verse_len": 14.079646017699115,
    "H": 0.7001373295071647,
    "H_R2": 0.9809876481187291,
    "alpha": 0.6466472299067757,
    "alpha_R2": 0.9709771313639134,
    "vn_ratio": 0.7339901477832512,
    "chronological_group": "late"
  },
  "2 Corinthians": {
    "n_verses": 256,
    "n_words": 4473,
    "mean_verse_len": 17.47265625,
    "H": 0.7273468326825476,
    "H_R2": 0.9959788100698493,
    "alpha": 0.5955435351994812,
    "alpha_R2": 0.9902639622810114,
    "vn_ratio": 0.8488888888888889,
    "chronological_group": "pauline_early"
  },
  "2 Peter": {
    "n_verses": 61,
    "n_words": 1098,
    "mean_verse_len": 18.0,
    "H": 0.6578617799496412,
    "H_R2": 0.9939870923989604,
    "alpha": 0.747505629230173,
    "alpha_R2": 0.8895485922953658,
    "vn_ratio": 0.6454849498327759,
    "chronological_group": "late"
  },
  "2 Thessalonians": {
    "n_verses": 47,
    "n_words": 820,
    "mean_verse_len": 17.4468085106383,
    "H": 0.6499216881716225,
    "H_R2": 0.9154031951154439,
    "alpha": 0.7798593881589879,
    "alpha_R2": 0.8587382967689822,
    "vn_ratio": 0.6019900497512438,
    "chronological_group": "late"
  },
  "2 Timothy": {
    "n_verses": 83,
    "n_words": 1235,
    "mean_verse_len": 14.879518072289157,
    "H": 0.8968168120224141,
    "H_R2": 0.9878165060808494,
    "alpha": 0.7925702033808355,
    "alpha_R2": 0.9930564626780017,
    "vn_ratio": 0.7290322580645161,
    "chronological_group": "late"
  },
  "Acts": {
    "n_verses": 1002,
    "n_words": 18412,
    "mean_verse_len": 18.375249500998002,
    "H": 0.5556653313783233,
    "H_R2": 0.9940663909908177,
    "alpha": 0.4953013373848185,
    "alpha_R2": 0.9866171822250066,
    "vn_ratio": 0.9767441860465116,
    "chronological_group": "late"
  },
  "Colossians": {
    "n_verses": 95,
    "n_words": 1580,
    "mean_verse_len": 16.63157894736842,
    "H": 0.7699509797705387,
    "H_R2": 0.9939886862293527,
    "alpha": 0.6052843197403444,
    "alpha_R2": 0.9906540175401861,
    "vn_ratio": 0.6082474226804123,
    "chronological_group": "late"
  },
  "Ephesians": {
    "n_verses": 155,
    "n_words": 2416,
    "mean_verse_len": 15.587096774193549,
    "H": 0.7279979572512907,
    "H_R2": 0.9892583179973504,
    "alpha": 0.7130429159195283,
    "alpha_R2": 0.9942724874375383,
    "vn_ratio": 0.5257234726688103,
    "chronological_group": "late"
  },
  "Galatians": {
    "n_verses": 149,
    "n_words": 2226,
    "mean_verse_len": 14.939597315436242,
    "H": 0.6241677373143608,
    "H_R2": 0.9628154558272527,
    "alpha": 0.6399801058751932,
    "alpha_R2": 0.9597338398849312,
    "vn_ratio": 0.7904761904761904,
    "chronological_group": "pauline_early"
  },
  "Hebrews": {
    "n_verses": 303,
    "n_words": 4935,
    "mean_verse_len": 16.287128712871286,
    "H": 0.6990385698207389,
    "H_R2": 0.9965865790635683,
    "alpha": 0.612139204706213,
    "alpha_R2": 0.9829386600986921,
    "vn_ratio": 0.7905579399141631,
    "chronological_group": "late"
  },
  "James": {
    "n_verses": 108,
    "n_words": 1739,
    "mean_verse_len": 16.10185185185185,
    "H": 0.46830248326792223,
    "H_R2": 0.978530255611289,
    "alpha": 0.6000234754128291,
    "alpha_R2": 0.9536803598187312,
    "vn_ratio": 0.9422572178477691,
    "chronological_group": "late"
  },
  "John": {
    "n_verses": 866,
    "n_words": 15438,
    "mean_verse_len": 17.82678983833718,
    "H": 0.5382859143418652,
    "H_R2": 0.9932280269311219,
    "alpha": 0.5074055814835021,
    "alpha_R2": 0.9914174579547106,
    "vn_ratio": 1.3678557729190641,
    "chronological_group": "johannine"
  },
  "Jude": {
    "n_verses": 25,
    "n_words": 459,
    "mean_verse_len": 18.36,
    "H": NaN,
    "H_R2": 0.0,
    "alpha": NaN,
    "alpha_R2": 0.0,
    "vn_ratio": 0.6910569105691057,
    "chronological_group": "late"
  },
  "Luke": {
    "n_verses": 1149,
    "n_words": 19446,
    "mean_verse_len": 16.924281984334204,
    "H": 0.6917427554218722,
    "H_R2": 0.9734958795659326,
    "alpha": 0.5772391724971808,
    "alpha_R2": 0.9952090389597019,
    "vn_ratio": 1.2435682326621924,
    "chronological_group": "synoptic"
  },
  "Mark": {
    "n_verses": 673,
    "n_words": 11286,
    "mean_verse_len": 16.769687964338782,
    "H": 0.5852201520727545,
    "H_R2": 0.9915615643528105,
    "alpha": 0.5388016152956031,
    "alpha_R2": 0.9913158745708491,
    "vn_ratio": 1.345408163265306,
    "chronological_group": "synoptic"
  },
  "Matthew": {
    "n_verses": 1068,
    "n_words": 18329,
    "mean_verse_len": 17.161985018726593,
    "H": 0.6486492446104873,
    "H_R2": 0.9977846371329789,
    "alpha": 0.6528478859486675,
    "alpha_R2": 0.9985715959203922,
    "vn_ratio": 1.1276415891800506,
    "chronological_group": "synoptic"
  },
  "Philemon": {
    "n_verses": 25,
    "n_words": 334,
    "mean_verse_len": 13.36,
    "H": NaN,
    "H_R2": 0.0,
    "alpha": NaN,
    "alpha_R2": 0.0,
    "vn_ratio": 0.5432098765432098,
    "chronological_group": "pauline_early"
  },
  "Philippians": {
    "n_verses": 104,
    "n_words": 1626,
    "mean_verse_len": 15.634615384615385,
    "H": 0.4779563441796461,
    "H_R2": 0.8673316477378967,
    "alpha": 0.6414850579075955,
    "alpha_R2": 0.9871590818340471,
    "vn_ratio": 0.7032967032967034,
    "chronological_group": "pauline_early"
  },
  "Revelation": {
    "n_verses": 405,
    "n_words": 9833,
    "mean_verse_len": 24.279012345679014,
    "H": 0.510928255200082,
    "H_R2": 0.9600392671452679,
    "alpha": 0.5077394795636635,
    "alpha_R2": 0.9903728607655122,
    "vn_ratio": 0.6695242177453922,
    "chronological_group": "johannine"
  },
  "Romans": {
    "n_verses": 430,
    "n_words": 7055,
    "mean_verse_len": 16.406976744186046,
    "H": 0.6357868678490912,
    "H_R2": 0.9955433720824238,
    "alpha": 0.6236502683608819,
    "alpha_R2": 0.9879410690267101,
    "vn_ratio": 0.7013847080072245,
    "chronological_group": "pauline_early"
  },
  "Titus": {
    "n_verses": 46,
    "n_words": 659,
    "mean_verse_len": 14.326086956521738,
    "H": 0.8013744959811683,
    "H_R2": 0.9848257951724367,
    "alpha": 0.5431288104248351,
    "alpha_R2": 0.9072074713549991,
    "vn_ratio": 0.7450980392156863,
    "chronological_group": "late"
  }
}