{
  "observed_ratio": 0.99090188,
  "n_bootstrap": 10000,
  "ci_95": [
    0.98559494,
    0.99618063
  ],
  "ci_99": [
    0.98372612,
    0.99793202
  ],
  "boot_mean": 0.99089743,
  "boot_std": 0.00270968,
  "contains_1": false
}