{
  "1": 0.520817,
  "2": 0.407367,
  "3": 0.213937,
  "4": 0.095295,
  "5": 0.034284,
  "6": 0.006668,
  "7": 0.021016,
  "8": 0.044639,
  "9": 0.064373,
  "10": 0.036896,
  "11": 0.037423,
  "12": 0.026979,
  "13": 0.026251,
  "14": 0.030917,
  "15": 0.051279
}