{
  "AT": {
    "label": "AT",
    "params": {
      "phi": -0.0692,
      "d": 0.1284,
      "sigma_eps": 3.3169,
      "sigma_eta": 2.2922
    },
    "loss": 0.000809,
    "target": {
      "H": 0.8766,
      "AC1": 0.3359,
      "DFA": 0.9295,
      "mean": 13.2287,
      "std": 6.0372,
      "cv": 0.4564
    },
    "fitted": {
      "H_mean": 0.8676,
      "H_std": 0.0563,
      "AC1_mean": 0.327,
      "AC1_std": 0.0818,
      "DFA_mean": 0.8959
    }
  },
  "NT": {
    "label": "NT",
    "params": {
      "phi": -0.2566,
      "d": 0.1952,
      "sigma_eps": 4.2236,
      "sigma_eta": 1.6788
    },
    "loss": 0.008882,
    "target": {
      "H": 0.7834,
      "AC1": 0.0853,
      "DFA": 0.8286,
      "mean": 17.3526,
      "std": 6.6119,
      "cv": 0.381
    },
    "fitted": {
      "H_mean": 0.7969,
      "H_std": 0.0553,
      "AC1_mean": 0.0721,
      "AC1_std": 0.0644,
      "DFA_mean": 0.7905
    }
  },
  "Corán": {
    "label": "Corán",
    "params": {
      "phi": 0.0275,
      "d": 0.1092,
      "sigma_eps": 2.8012,
      "sigma_eta": 2.4565
    },
    "loss": 1e-06,
    "target": {
      "H": 0.8963,
      "AC1": 0.4722,
      "DFA": 0.9336,
      "mean": 12.4165,
      "std": 9.4169,
      "cv": 0.7584
    },
    "fitted": {
      "H_mean": 0.8961,
      "H_std": 0.0546,
      "AC1_mean": 0.4636,
      "AC1_std": 0.0827,
      "DFA_mean": 0.9474
    }
  },
  "Rig_Veda": {
    "label": "Rig_Veda",
    "params": {
      "phi": -0.022,
      "d": 0.0044,
      "sigma_eps": 6.8329,
      "sigma_eta": 0.0039
    },
    "loss": 0.00102,
    "target": {
      "H": 0.5612,
      "AC1": -0.016,
      "DFA": 0.5087,
      "mean": 7.8314,
      "std": 2.0249,
      "cv": 0.2586
    },
    "fitted": {
      "H_mean": 0.5654,
      "H_std": 0.0387,
      "AC1_mean": -0.0187,
      "AC1_std": 0.0339,
      "DFA_mean": 0.4964
    }
  }
}