{
  "OT": {
    "matrix_size": 256,
    "top20_singular_values": [
      2412.466095,
      232.985932,
      154.794629,
      115.966517,
      91.77287,
      87.153175,
      78.585086,
      65.969132,
      58.063528,
      49.087985,
      44.932418,
      44.408659,
      42.896061,
      39.982174,
      39.261763,
      37.072433,
      35.947509,
      35.357155,
      35.201139,
      35.071908
    ],
    "total_variance": 6093629.7875,
    "sigma_ratio_top1": 0.955095
  },
  "NT": {
    "matrix_size": 256,
    "top20_singular_values": [
      903.211573,
      154.79415,
      69.344648,
      67.640058,
      62.269868,
      59.266196,
      59.187576,
      59.044821,
      58.951784,
      58.187603,
      57.620026,
      57.463806,
      57.301269,
      57.201735,
      54.753155,
      54.64976,
      54.395704,
      54.262666,
      54.145478,
      53.514554
    ],
    "total_variance": 1261329.4776,
    "sigma_ratio_top1": 0.646771
  },
  "global": {
    "matrix_size": 256,
    "top20_singular_values": [
      2841.410889,
      224.592069,
      133.323072,
      104.265313,
      86.760398,
      81.104051,
      71.474444,
      60.810323,
      54.339528,
      48.656759,
      46.42554,
      45.556032,
      43.918206,
      41.060549,
      40.45331,
      38.891653,
      38.633762,
      37.557141,
      37.061151,
      36.81138
    ],
    "total_variance": 8379242.4783,
    "sigma_ratio_top1": 0.963526
  }
}