{
  "AT": {
    "MI_lag1": 0.175496,
    "N_threshold_10pct": null,
    "decay": {
      "1": {
        "MI": 0.175496,
        "MI_relative": 1.0
      },
      "2": {
        "MI": 0.191605,
        "MI_relative": 1.0918
      },
      "3": {
        "MI": 0.172608,
        "MI_relative": 0.9835
      },
      "4": {
        "MI": 0.172294,
        "MI_relative": 0.9818
      },
      "5": {
        "MI": 0.158445,
        "MI_relative": 0.9028
      },
      "6": {
        "MI": 0.163252,
        "MI_relative": 0.9302
      },
      "7": {
        "MI": 0.151314,
        "MI_relative": 0.8622
      },
      "8": {
        "MI": 0.155862,
        "MI_relative": 0.8881
      },
      "9": {
        "MI": 0.141885,
        "MI_relative": 0.8085
      },
      "10": {
        "MI": 0.141503,
        "MI_relative": 0.8063
      },
      "11": {
        "MI": 0.136022,
        "MI_relative": 0.7751
      },
      "12": {
        "MI": 0.145091,
        "MI_relative": 0.8267
      },
      "13": {
        "MI": 0.127963,
        "MI_relative": 0.7292
      },
      "14": {
        "MI": 0.136801,
        "MI_relative": 0.7795
      },
      "15": {
        "MI": 0.128445,
        "MI_relative": 0.7319
      },
      "16": {
        "MI": 0.133595,
        "MI_relative": 0.7612
      },
      "17": {
        "MI": 0.119766,
        "MI_relative": 0.6824
      },
      "18": {
        "MI": 0.128594,
        "MI_relative": 0.7327
      },
      "19": {
        "MI": 0.118025,
        "MI_relative": 0.6725
      },
      "20": {
        "MI": 0.125865,
        "MI_relative": 0.7172
      }
    }
  },
  "Corán": {
    "MI_lag1": 0.394047,
    "N_threshold_10pct": null,
    "decay": {
      "1": {
        "MI": 0.394047,
        "MI_relative": 1.0
      },
      "2": {
        "MI": 0.356448,
        "MI_relative": 0.9046
      },
      "3": {
        "MI": 0.350921,
        "MI_relative": 0.8906
      },
      "4": {
        "MI": 0.321541,
        "MI_relative": 0.816
      },
      "5": {
        "MI": 0.328868,
        "MI_relative": 0.8346
      },
      "6": {
        "MI": 0.322185,
        "MI_relative": 0.8176
      },
      "7": {
        "MI": 0.302638,
        "MI_relative": 0.768
      },
      "8": {
        "MI": 0.306861,
        "MI_relative": 0.7787
      },
      "9": {
        "MI": 0.299857,
        "MI_relative": 0.761
      },
      "10": {
        "MI": 0.293216,
        "MI_relative": 0.7441
      },
      "11": {
        "MI": 0.298382,
        "MI_relative": 0.7572
      },
      "12": {
        "MI": 0.288555,
        "MI_relative": 0.7323
      },
      "13": {
        "MI": 0.289564,
        "MI_relative": 0.7348
      },
      "14": {
        "MI": 0.278742,
        "MI_relative": 0.7074
      },
      "15": {
        "MI": 0.275723,
        "MI_relative": 0.6997
      },
      "16": {
        "MI": 0.274076,
        "MI_relative": 0.6955
      },
      "17": {
        "MI": 0.274036,
        "MI_relative": 0.6954
      },
      "18": {
        "MI": 0.273395,
        "MI_relative": 0.6938
      },
      "19": {
        "MI": 0.261956,
        "MI_relative": 0.6648
      },
      "20": {
        "MI": 0.263535,
        "MI_relative": 0.6688
      }
    }
  },
  "Rig_Veda": {
    "MI_lag1": 0.013815,
    "N_threshold_10pct": null,
    "decay": {
      "1": {
        "MI": 0.013815,
        "MI_relative": 1.0
      },
      "2": {
        "MI": 0.015195,
        "MI_relative": 1.0999
      },
      "3": {
        "MI": 0.01199,
        "MI_relative": 0.8679
      },
      "4": {
        "MI": 0.012049,
        "MI_relative": 0.8722
      },
      "5": {
        "MI": 0.01401,
        "MI_relative": 1.0141
      },
      "6": {
        "MI": 0.012715,
        "MI_relative": 0.9203
      },
      "7": {
        "MI": 0.013761,
        "MI_relative": 0.9961
      },
      "8": {
        "MI": 0.015721,
        "MI_relative": 1.138
      },
      "9": {
        "MI": 0.013762,
        "MI_relative": 0.9962
      },
      "10": {
        "MI": 0.016367,
        "MI_relative": 1.1848
      },
      "11": {
        "MI": 0.013162,
        "MI_relative": 0.9528
      },
      "12": {
        "MI": 0.01348,
        "MI_relative": 0.9758
      },
      "13": {
        "MI": 0.012252,
        "MI_relative": 0.8869
      },
      "14": {
        "MI": 0.013682,
        "MI_relative": 0.9903
      },
      "15": {
        "MI": 0.011663,
        "MI_relative": 0.8442
      },
      "16": {
        "MI": 0.013477,
        "MI_relative": 0.9755
      },
      "17": {
        "MI": 0.012061,
        "MI_relative": 0.873
      },
      "18": {
        "MI": 0.012167,
        "MI_relative": 0.8807
      },
      "19": {
        "MI": 0.01325,
        "MI_relative": 0.9591
      },
      "20": {
        "MI": 0.011847,
        "MI_relative": 0.8576
      }
    }
  }
}