{
  "n": 48,
  "path1_via_AC1": {
    "a": 0.1395,
    "b": 0.7813,
    "indirect": 0.109,
    "a_p": 0.022342,
    "b_p": 0.0
  },
  "path2_via_repetition_density": {
    "a": 0.0186,
    "b": 0.3158,
    "indirect": 0.0059,
    "a_p": 0.489887,
    "b_p": 0.117759
  },
  "total_indirect": 0.1149,
  "direct_effect": 0.1126,
  "direct_p": 0.004245,
  "R2_full_model": 0.7307
}